course_id,title,description,nsqf_level,skills,keywords,duration_months,language,region
C1000,Contracting civil engineer,Fear white field interview name our rate there area begin idea.,4.5,customer service;installation;excel;security;sql,"design,digital",12,bn,Guwahati
C1001,Energy manager,Deal sure seat arm son share food able chair region case officer tree war even system.,5.0,project management;pipes;excel;data analysis;python,"design,culinary",15,ta,Hyderabad
C1002,Patent attorney,Much six expert around time painting growth open dog second need if couple.,7.0,sql;testing;installation;security;photoshop,"metal,cloud",12,ta,Jaipur
C1003,Mechanical engineer,Fly attack wide subject teach actually forward reach nice voice.,2.0,wiring;python;ml;creativity,"culinary,ai,graphics",12,en,Chandigarh
C1004,Sports therapist,Station help blood available table happy quickly determine road suffer test official recently they peace local.,4.0,cooking;content;recipes;data analysis,"finance,marketing",18,hi,Chandigarh
C1005,Financial adviser,Difference forget make head management bank above under drop.,2.0,analytics;ml;project management,"testing,digital,finance",15,en,Ahmedabad
C1006,Control and instrumentation engineer,Represent drug culture pull amount nothing even take participant middle mention.,3.0,safety;analytics;illustrator,"software,python",15,ta,Ahmedabad
C1007,"Administrator, arts",Middle commercial plant into old major seat try shake continue country.,4.5,welding;content;analytics,"digital,software",8,hi,Lucknow
C1008,Ship broker,Approach stop because course her suggest section hundred toward air partner guess increase someone.,4.5,content;hygiene;welding;photoshop;metalwork,"digital,python",24,en,Delhi
C1009,Contracting civil engineer,Difference office none bring its scene back speech hard.,2.0,excel;tools;welding,"data,software,analysis",24,bn,Pune
C1010,Art therapist,From care economy wall serve situation figure rather adult read discussion.,4.0,ml;cooking;testing;welding,"marketing,culinary",8,hi,Hyderabad
C1011,"Surveyor, building control",Only must since beyond sometimes maybe expect pick standard discover sister medical fire side until size.,5.5,automation;sql;testing;analytics,"digital,python,finance",18,bn,Bangalore
C1012,Comptroller,Democratic test above certainly future manager effect citizen my town eight later six.,5.5,pipes;sql;analytics;content;testing,"management,design,data",3,ta,Hyderabad
C1013,Commercial horticulturist,Majority office hand space mouth walk fine environmental lead consider water movement.,8.0,project management;automation;photoshop;hygiene;cooking,"wiring,ai",15,en,Chennai
C1014,Ecologist,White difficult check become worry should step mouth why.,4.0,cloud;data analysis;analytics,"pipes,graphics,welding",24,ta,Chennai
C1015,"Chemist, analytical",Culture information right save form type report north work star list cost.,3.0,ml;tools;customer service;testing;analytics,"ai,metal",6,gu,Mumbai
C1016,Agricultural engineer,Himself exactly speak much yourself either sea describe hand.,4.5,accounting;python;ml,"testing,cloud,management",12,hi,Chandigarh
C1017,Photographer,Approach civil leg pressure can baby ground middle bring catch board leg ability difficult staff become.,4.5,ml;accounting;excel;sql;safety,"testing,analysis",15,bn,Jaipur
C1018,Clinical psychologist,Modern they according hold stand interest two material.,7.0,pipes;ml;project management;photoshop,"cloud,cooking",12,gu,Guwahati
C1019,Tree surgeon,Full between training here than pretty art ball up Mrs feeling hospital enough employee but.,2.0,metalwork;safety;cloud;photoshop;recipes,"design,python",15,bn,Pune
C1020,Senior tax professional/tax inspector,Space center Mr window gas Mrs teacher possible ever focus listen at.,4.5,illustrator;welding;recipes;ml;testing,"graphics,cloud",6,ta,Lucknow
C1021,Recycling officer,Campaign seat other letter item power crime public career possible we entire second range two.,7.0,accounting;welding;tools,"management,python,software",12,bn,Bhopal
C1022,Conference centre manager,Response next doctor rule figure with century list hit support speech political adult.,4.0,project management;tools;cooking,"pipes,finance",6,en,Delhi
C1023,Insurance claims handler,Change class share glass off air Mrs director partner stuff budget security mouth plan picture environment.,8.0,welding;ml;cooking,"accounting,analysis,testing",3,en,Ahmedabad
C1024,"Therapist, art",People a up look everybody art claim bring type area break.,8.0,tools;welding;cooking;installation,"wiring,analysis,digital",8,ta,Jaipur
C1025,Ergonomist,Condition forget describe scientist opportunity election mention material health majority international realize.,3.0,project management;tools;creativity,"wiring,analysis",6,gu,Bhopal
C1026,Professor Emeritus,Lead chair surface argue two home history candidate policy clear start seek serious.,2.0,analytics;excel;cloud;testing;creativity,"welding,data",6,ta,Bhopal
C1027,Product designer,Determine away vote worker Mrs better interesting stop think know goal sure successful.,4.5,cloud;hygiene;communication;customer service;ml,"analysis,wiring,design",24,hi,Jaipur
C1028,"Designer, fashion/clothing",Security staff small high writer institution traditional quality against.,7.0,photoshop;accounting;hygiene,"digital,finance,software",15,gu,Mumbai
C1029,Marketing executive,Be fight free medical about pass cultural.,4.5,communication;content;SEO,"design,data,software",15,gu,Mumbai
C1030,Careers adviser,Deep them thank itself accept she daughter challenge quickly significant live professional.,4.5,sql;tools;metalwork;data analysis,"accounting,cooking,wiring",18,hi,Lucknow
C1031,"Librarian, public",Energy yes environment manage back central section.,3.0,excel;analytics;accounting;ml,"wiring,software,metal",6,gu,Lucknow
C1032,Psychiatric nurse,Man the enough case population follow teacher senior investment both whose think dream doctor film.,5.5,cloud;wiring;ml;python;customer service,"plumbing,python",8,hi,Jaipur
C1033,Theme park manager,Weight somebody game image coach people just strategy result bed single card church condition onto.,6.0,safety;cooking;excel;project management;installation,"metal,graphics",3,en,Chandigarh
C1034,Plant breeder/geneticist,Exist though any it film wish manager idea employee room compare.,4.5,safety;content;cloud,"accounting,management,electrician",18,bn,Kolkata
C1035,Sports administrator,Type resource owner wall trouble yes audience music it all feeling for tonight us career.,7.0,hygiene;photoshop;welding,"design,management",18,ta,Guwahati
C1036,Hospital doctor,Step move attention sometimes her until here information way player religious coach amount professional pattern.,2.0,sql;excel;SEO;project management,"culinary,marketing,electrician",15,hi,Ahmedabad
C1037,"Civil engineer, contracting",Simple listen shake from part claim because nice future under idea along recently society build.,8.0,project management;cooking;creativity;excel;content,"python,marketing",15,hi,Lucknow
C1038,"Exhibitions officer, museum/gallery",Author policy reflect student year human respond single market.,8.0,hygiene;metalwork;installation,"data,wiring",18,gu,Bangalore
C1039,Seismic interpreter,Region allow marriage glass rise force consider program between feel many.,6.0,python;hygiene;illustrator;data analysis,"finance,python",15,gu,Bangalore
C1040,"Engineer, drilling",See no range star whom charge up however cultural marriage to door lawyer while too run.,2.0,hygiene;illustrator;pipes;wiring;communication,"finance,digital",18,ta,Delhi
C1041,"Civil engineer, contracting",Police out quickly can land move staff thus become clear fall attack fact institution.,4.5,installation;illustrator;recipes;hygiene,"software,metal",18,hi,Chandigarh
C1042,Barrister's clerk,Live spend total although evidence situation suddenly response partner card lawyer foot wide.,8.0,data analysis;hygiene;tools;testing;cooking,"graphics,culinary,testing",18,hi,Pune
C1043,Armed forces technical officer,Down represent above happen reduce window challenge tonight early own determine environmental garden move.,6.0,illustrator;content;communication;python;automation,"graphics,metal,finance",8,ta,Kolkata
C1044,Multimedia specialist,Group management start certain thousand real manage decade start support take accept baby able.,2.0,welding;ml;security;analytics;illustrator,"design,testing",3,hi,Chandigarh
C1045,Intelligence analyst,East Democrat citizen now writer next environmental one free series smile others reveal ten.,8.0,cloud;data analysis;python;sql;project management,"accounting,digital,marketing",3,bn,Kolkata
C1046,Astronomer,Since structure weight indeed main war voice.,5.5,analytics;sql;testing;accounting,"management,electrician",8,ta,Delhi
C1047,Broadcast engineer,Fish itself natural human prepare over third respond near western listen experience population.,5.0,analytics;python;installation;QA;metalwork,"digital,accounting,design",3,gu,Delhi
C1048,Furniture designer,Soon even store wear movement hair rule unit truth dinner.,5.5,wiring;data analysis;pipes;metalwork;security,"culinary,accounting",24,en,Ahmedabad
C1049,Geophysical data processor,Ability none treatment person put professional open executive south run her audience degree necessary course.,3.0,accounting;metalwork;testing;python,"accounting,electrician",15,hi,Pune
C1050,"Administrator, arts",School recent collection information factor pass responsibility compare.,3.0,creativity;customer service;communication,"management,pipes",3,hi,Chennai
C1051,Chartered public finance accountant,Necessary bank amount want voice few early become economic class position.,6.0,content;illustrator;safety;creativity;automation,"culinary,welding",18,hi,Chennai
C1052,Passenger transport manager,Blood station chair also threat energy size course able star question.,6.0,testing;QA;installation;cloud;accounting,"data,marketing",24,hi,Delhi
C1053,"Engineer, manufacturing systems",Anything suggest order not safe store such which usually very among.,5.0,testing;content;pipes,"culinary,graphics",12,gu,Delhi
C1054,Chief of Staff,Gun article design including physical half again price claim expect drop believe success.,3.0,safety;sql;accounting;analytics;wiring,"plumbing,culinary,software",6,en,Guwahati
C1055,Animator,Eye response appear growth any price forward reach.,7.0,accounting;cooking;illustrator;creativity,"design,graphics,ai",24,hi,Pune
C1056,"Runner, broadcasting/film/video",Create baby build scientist recent argue at TV commercial glass director.,3.0,ml;installation;cooking,"data,python",18,bn,Chandigarh
C1057,Patent examiner,Your tax pull bad would time night all left see buy rise.,5.0,SEO;project management;ml;customer service,"electrician,data,plumbing",15,hi,Mumbai
C1058,Financial adviser,Lose design election they office hand break do walk.,5.0,tools;accounting;installation;safety,"testing,wiring,plumbing",18,ta,Ahmedabad
C1059,Barrister's clerk,According result challenge across drug hold land lead show democratic article long information on training grow.,2.0,recipes;security;pipes,"welding,software",3,hi,Chennai
C1060,Cytogeneticist,Education single according husband physical wait general anyone.,7.0,customer service;sql;pipes;QA;creativity,"finance,digital,wiring",8,gu,Delhi
C1061,Waste management officer,Stage hospital now yard sit pattern turn control address small on sea.,4.5,testing;cooking;creativity;python,"welding,finance",12,en,Bhopal
C1062,Radio broadcast assistant,Real prevent little difficult eye away nice actually.,6.0,project management;SEO;security;hygiene,"welding,cloud,analysis",8,gu,Delhi
C1063,Public affairs consultant,Enjoy debate adult establish through will statement conference put when.,6.0,recipes;hygiene;accounting;welding;content,"culinary,plumbing,wiring",15,en,Bangalore
C1064,TEFL teacher,Old house hold majority entire own happy kid or control process.,5.5,sql;photoshop;data analysis,"pipes,electrician,marketing",6,en,Lucknow
C1065,Printmaker,Type during with anyone player you five on know recent up product recent pretty least.,4.0,security;wiring;data analysis,"finance,cooking",3,hi,Mumbai
C1066,Data scientist,Live attention indicate amount practice candidate door success.,4.5,tools;photoshop;installation;metalwork,"electrician,data",18,hi,Chandigarh
C1067,"Accountant, chartered public finance",Mention almost gun public couple let letter concern for people.,2.0,tools;illustrator;data analysis;analytics,"design,graphics,wiring",18,gu,Guwahati
C1068,Civil Service fast streamer,Down most less crime yes camera beyond.,2.0,communication;SEO;automation,"cooking,cloud",15,hi,Chandigarh
C1069,Audiological scientist,Choice evidence knowledge set commercial rule candidate operation pull production end drop military suffer.,5.5,QA;safety;excel;project management;hygiene,"welding,graphics,python",12,ta,Mumbai
C1070,Television/film/video producer,Condition painting choice almost method respond realize agent between response radio.,5.5,recipes;testing;customer service;project management,"python,software,data",3,hi,Bangalore
C1071,"Research officer, trade union",Determine born against travel threat consider they receive.,8.0,content;cloud;analytics;security,"wiring,analysis,cooking",6,ta,Guwahati
C1072,Financial adviser,Throughout sing five performance idea mouth young feel represent because check land.,5.5,cooking;sql;customer service,"wiring,marketing,data",15,en,Guwahati
C1073,Theme park manager,Report throughout all check religious major between student hit.,3.0,tools;security;cloud;python;wiring,"design,ai,python",12,en,Jaipur
C1074,Site engineer,Happy dinner employee direction itself leave garden cause unit social network voice Democrat program wear bank.,2.0,communication;testing;excel;data analysis,"software,python,accounting",8,hi,Pune
C1075,"Administrator, education",Activity bar return avoid reality need Republican difficult south foreign success soon idea bill skill.,7.0,safety;security;photoshop;communication,"ai,culinary,wiring",12,bn,Kolkata
C1076,Manufacturing engineer,Off hour thank writer rest view teach them month member can picture.,7.0,automation;sql;photoshop,"pipes,metal",8,hi,Delhi
C1077,"Scientist, audiological",Production identify certain number tough soldier miss break both song fill organization admit.,4.5,illustrator;pipes;hygiene;photoshop,"marketing,digital,pipes",6,en,Kolkata
C1078,Communications engineer,Movement stay government first across once not color.,8.0,photoshop;testing;installation,"digital,cooking",15,en,Bhopal
C1079,"Production assistant, radio",Two shake full save like reflect would seat western have.,3.0,photoshop;security;analytics,"cooking,design,analysis",12,ta,Chandigarh
C1080,"Programmer, systems",Focus free how growth physical story team just new.,3.0,wiring;ml;accounting;sql,"analysis,electrician",8,hi,Lucknow
C1081,Energy engineer,Computer owner letter exactly read professional hotel structure avoid star still skin determine like recent accept.,5.0,security;excel;sql,"plumbing,pipes",12,ta,Kolkata
C1082,Technical brewer,Foot analysis its door area represent rest writer different take all peace we little class reason.,2.0,cooking;SEO;security;QA,"python,cloud,wiring",15,en,Bhopal
C1083,Marketing executive,Court finally could operation religious these nation machine owner worker position necessary several whom.,4.0,data analysis;sql;security;ml;safety,"accounting,metal",6,hi,Hyderabad
C1084,"Scientist, audiological",Dog body billion while view final instead.,4.5,sql;analytics;cooking,"finance,welding",15,bn,Guwahati
C1085,Textile designer,Visit happen capital set determine bar attack later indeed.,4.0,QA;content;analytics;metalwork;ml,"wiring,marketing",6,ta,Pune
C1086,Psychiatric nurse,Hope turn individual can moment first evidence stop political along clearly resource only vote range.,8.0,hygiene;security;analytics;data analysis;automation,"management,marketing",18,bn,Guwahati
C1087,"Surveyor, minerals",Glass whole agreement true take candidate food compare me fund decision his sort party allow.,8.0,sql;photoshop;metalwork;hygiene;QA,"pipes,culinary,electrician",24,hi,Delhi
C1088,Toxicologist,Perhaps they majority low save yeah edge toward.,5.0,pipes;ml;photoshop;wiring;creativity,"cooking,cloud",15,bn,Chennai
C1089,Bonds trader,Employee including gun require visit sell budget structure rate I.,4.5,sql;QA;project management;testing;SEO,"cooking,plumbing,design",24,bn,Chandigarh
C1090,Production manager,Over ground into blood us health its still fire manage population always.,6.0,content;welding;QA;project management;tools,"graphics,welding",6,en,Delhi
C1091,Comptroller,Really machine once must very evening age.,2.0,metalwork;project management;customer service;analytics;accounting,"testing,analysis,software",24,hi,Kolkata
C1092,"Engineer, biomedical",Loss support PM choose instead community probably practice.,5.0,automation;analytics;customer service,"digital,testing,management",18,gu,Pune
C1093,Horticultural therapist,Relationship last improve scientist individual play team always develop suffer important.,5.0,ml;hygiene;creativity,"cloud,graphics",3,gu,Guwahati
C1094,Careers adviser,Democratic everybody tax myself minute live phone else compare computer agent color form.,5.0,illustrator;pipes;customer service,"culinary,design",24,ta,Bangalore
C1095,Mudlogger,Teacher several reality item theory fact say dream within enter say thank start.,6.0,security;content;sql,"python,accounting,cloud",24,en,Chennai
C1096,Glass blower/designer,Sign husband owner himself side boy also know himself per dark far adult officer discussion.,6.0,tools;excel;sql;testing,"cloud,accounting,wiring",18,gu,Guwahati
C1097,"Nurse, adult",General foot avoid increase watch right detail soon receive.,4.5,automation;SEO;cooking,"graphics,marketing,accounting",24,en,Ahmedabad
C1098,Paediatric nurse,Term wide inside art fund health author commercial model partner weight agent way radio expert.,8.0,data analysis;metalwork;recipes;illustrator,"welding,metal",18,bn,Guwahati
C1099,Research scientist (maths),Gas environmental care police range event travel view water less send street first chair effort.,2.0,wiring;photoshop;excel;recipes;tools,"python,data",8,hi,Mumbai
C1100,Arts development officer,Shake stay left parent front establish police phone provide begin free popular born south decide.,4.5,content;python;installation,"graphics,electrician",6,gu,Kolkata
C1101,"Surveyor, rural practice",Response collection she feel especially laugh line garden.,7.0,wiring;hygiene;installation;SEO;QA,"management,welding,digital",18,bn,Chandigarh
C1102,Sports coach,Work send decade toward clear human fly true able forward manage though safe.,7.0,hygiene;security;excel;metalwork,"python,marketing",3,bn,Jaipur
C1103,Brewing technologist,Stop home small become produce would production none.,5.0,security;welding;installation,"management,finance",12,ta,Delhi
C1104,"Copywriter, advertising",Plan day radio character top political growth meet serve daughter challenge.,8.0,welding;automation;data analysis,"software,culinary,cooking",12,gu,Bhopal
C1105,Drilling engineer,Above hospital easy choose question not produce the society.,4.5,python;pipes;customer service;tools;analytics,"plumbing,graphics,accounting",15,en,Lucknow
C1106,Brewing technologist,East space hot age financial imagine help edge.,3.0,illustrator;SEO;wiring;cloud,"graphics,digital,pipes",18,en,Delhi
C1107,Technical sales engineer,Human example near TV walk note anything say.,6.0,safety;sql;installation;SEO;data analysis,"wiring,plumbing",15,bn,Hyderabad
C1108,"Research officer, trade union",Choose imagine medical share page consumer send month could.,8.0,automation;QA;safety;data analysis;cloud,"marketing,wiring,metal",18,hi,Bhopal
C1109,"Designer, interior/spatial",According billion change view social matter boy interesting or country PM.,2.0,metalwork;safety;data analysis;analytics,"testing,electrician",3,gu,Ahmedabad
C1110,Heritage manager,Charge movement agent suffer wife no color mouth reduce nature necessary enjoy high pull professor after.,8.0,testing;hygiene;customer service;security;cooking,"graphics,culinary,management",3,en,Guwahati
C1111,Medical physicist,Everyone some have travel party color return writer direction.,4.5,excel;python;analytics;cloud;safety,"culinary,software,analysis",3,ta,Hyderabad
C1112,Holiday representative,Indeed training explain industry consumer number pick win support true view season thousand safe choose method.,5.0,wiring;SEO;sql,"graphics,testing",12,ta,Mumbai
C1113,"Editor, film/video",Into hotel child seek whose blue keep interesting husband some buy easy large appear.,3.0,metalwork;welding;python;security,"testing,welding,design",15,ta,Guwahati
C1114,"Engineer, automotive",Try always scientist strong brother bank all low.,5.0,communication;excel;security;ml;project management,"digital,analysis",15,en,Pune
C1115,"Conservation officer, historic buildings",Woman him he whether may section actually.,3.0,ml;sql;automation,"marketing,finance",15,ta,Chennai
C1116,Travel agency manager,Serious notice wear benefit financial continue next law trip.,5.5,ml;welding;excel;communication;creativity,"culinary,plumbing,analysis",24,en,Lucknow
C1117,Paramedic,Might force cell point anyone even despite leg business exist defense expert none accept investment.,4.0,automation;safety;creativity,"plumbing,digital",24,ta,Jaipur
C1118,"Engineer, production",Low thought next hospital lead performance none quality wonder military why.,3.0,accounting;recipes;customer service;metalwork;hygiene,"accounting,plumbing,design",3,bn,Bhopal
C1119,Armed forces training and education officer,Person clearly act chair way energy population one experience way memory citizen magazine.,6.0,python;sql;creativity;safety;cloud,"data,cooking,graphics",18,gu,Bangalore
C1120,Barista,High station another score much cold training bed whole close quickly especially American capital southern.,4.5,cooking;testing;content;security,"plumbing,metal,digital",18,bn,Chandigarh
C1121,Biomedical scientist,Lose pay test wind camera debate study author issue I.,6.0,excel;ml;wiring;automation;communication,"plumbing,finance,wiring",18,hi,Ahmedabad
C1122,Physiotherapist,Collection bed explain go write trouble during door collection police surface lead.,2.0,welding;analytics;safety;customer service,"cooking,electrician,testing",6,en,Chennai
C1123,Oncologist,Training school learn main person order place add.,5.0,accounting;automation;wiring,"testing,software,wiring",18,en,Ahmedabad
C1124,Air broker,He American money until change just be seat.,6.0,automation;accounting;excel;metalwork;wiring,"marketing,pipes",3,bn,Bhopal
C1125,Retail buyer,Produce dark century generation old talk during brother threat.,4.0,SEO;photoshop;accounting;security,"culinary,graphics",24,gu,Guwahati
C1126,Media buyer,Computer consider bad physical trial leave trip area if.,3.0,customer service;metalwork;tools;hygiene;photoshop,"cloud,culinary",18,gu,Lucknow
C1127,"Journalist, broadcasting",Hard school development realize student culture thought least American almost community sign pick draw.,7.0,excel;cloud;recipes;project management;customer service,"testing,accounting",6,hi,Mumbai
C1128,"Radiographer, therapeutic",Rule blue crime whatever message ahead or western difficult best use light car actually.,7.0,ml;wiring;QA;safety;security,"accounting,digital,finance",8,gu,Bangalore
C1129,Amenity horticulturist,Size off nearly to economic involve door ok in even care wear task quickly.,2.0,analytics;pipes;testing,"plumbing,cloud,graphics",15,hi,Lucknow
C1130,Colour technologist,Hand image score form action public exactly part government us baby both.,3.0,pipes;recipes;accounting;installation,"software,ai",12,gu,Delhi
C1131,Armed forces logistics/support/administrative officer,Everything what culture day more effect detail join process fall.,7.0,safety;excel;sql;cloud,"data,welding,cooking",8,gu,Lucknow
C1132,Event organiser,Role way environment attorney growth truth worker action give quite job near sometimes glass need.,2.0,customer service;communication;pipes;wiring;accounting,"software,finance",8,gu,Guwahati
C1133,Financial manager,Evening discover soon strong political nation whole rule apply.,8.0,communication;security;data analysis;QA,"accounting,electrician,cloud",15,hi,Delhi
C1134,Oceanographer,Almost skill month reveal body need office loss consumer bar win ten keep social the.,4.0,customer service;automation;analytics;creativity;wiring,"data,metal,finance",3,gu,Delhi
C1135,"Psychotherapist, child",Hour protect floor many former time interview central.,4.5,photoshop;security;welding;project management;cloud,"plumbing,wiring,software",8,hi,Hyderabad
C1136,"Engineer, maintenance (IT)",Center condition once still matter say knowledge art west.,4.0,installation;security;sql;python,"wiring,plumbing,pipes",3,hi,Mumbai
C1137,"Designer, jewellery",South build Congress security reflect eat character his including degree accept.,4.0,cloud;illustrator;sql;automation,"pipes,digital,testing",18,bn,Delhi
C1138,Tree surgeon,Enter wear common reason own our build by right begin industry staff foreign mission.,6.0,welding;content;photoshop,"python,graphics",12,ta,Lucknow
C1139,Nutritional therapist,Western record evening development will pass everything than impact suggest head politics beautiful.,3.0,ml;wiring;testing;data analysis,"design,cooking,accounting",6,en,Mumbai
C1140,Ship broker,With city first political natural soldier process work even writer this goal.,7.0,SEO;cloud;cooking;welding,"marketing,cooking",8,gu,Mumbai
C1141,Geophysical data processor,Sport green tonight behind son serious down feel avoid language rather whom would personal control.,4.0,analytics;installation;accounting,"digital,metal,ai",18,en,Kolkata
C1142,Dealer,Draw red kitchen success thought soon conference girl interview consumer store carry.,5.0,cloud;analytics;communication;safety;pipes,"python,finance",18,en,Guwahati
C1143,Pension scheme manager,Senior cause security continue choice response player pick own total threat.,6.0,analytics;automation;cooking;ml;communication,"culinary,graphics",12,en,Lucknow
C1144,"Engineer, aeronautical",Across remain at day scene pressure author detail whose.,8.0,pipes;cooking;customer service,"management,culinary,python",8,en,Bhopal
C1145,Field seismologist,Miss character involve per provide remain ground expert protect team grow speech name seem.,6.0,photoshop;QA;metalwork,"finance,culinary",3,gu,Mumbai
C1146,Commercial art gallery manager,Public computer blood international street future almost write.,4.5,cloud;testing;metalwork;content;ml,"accounting,plumbing",8,gu,Delhi
C1147,Psychiatric nurse,Perform by according majority make you yourself field get policy evening.,5.0,installation;sql;photoshop;python,"culinary,testing",18,ta,Ahmedabad
C1148,Translator,Foot economy foreign necessary certainly thing small gas wide fear sound resource fund billion there.,5.0,tools;communication;testing;project management,"wiring,digital",15,ta,Kolkata
C1149,Research scientist (medical),Significant two brother toward executive college material help future dinner six environmental bill main deep.,4.0,hygiene;ml;project management;pipes;illustrator,"graphics,data,electrician",18,en,Delhi
C1150,Pensions consultant,Learn no or discuss ask out your onto.,7.0,cooking;creativity;testing,"graphics,analysis",18,bn,Lucknow
C1151,"Scientist, research (maths)",Entire station prove son whether some hold hold.,8.0,cooking;SEO;tools,"analysis,pipes,testing",8,bn,Ahmedabad
C1152,Horticultural consultant,Social general trial he board it lose.,4.5,recipes;customer service;illustrator,"electrician,cooking,cloud",6,gu,Kolkata
C1153,Air cabin crew,None still event consumer clear reflect truth sense financial such degree opportunity.,5.5,cloud;communication;creativity;SEO;excel,"culinary,testing,finance",12,en,Jaipur
C1154,Marine scientist,Share a know can current alone short just hospital huge common action.,5.5,safety;wiring;data analysis;accounting,"data,management,testing",12,en,Ahmedabad
C1155,Legal secretary,Thus theory expert bit leg law sport notice hotel minute exist officer need official card third.,5.0,python;testing;content;illustrator,"analysis,culinary",15,hi,Hyderabad
C1156,Fisheries officer,Difficult fine talk ever meet high call deep keep so happen.,6.0,metalwork;SEO;cloud,"ai,management,design",15,bn,Guwahati
C1157,Ecologist,Keep really lay art back scientist industry bar lead need both according worker war.,3.0,testing;installation;project management;customer service,"digital,pipes",12,en,Hyderabad
C1158,Quality manager,Much reflect game serious size girl skin box grow office family.,4.5,QA;tools;excel;sql,"culinary,python,cloud",8,ta,Hyderabad
C1159,Housing manager/officer,Claim politics worry bag sort unit address American opportunity situation back short store allow stay.,5.0,illustrator;pipes;wiring,"data,cooking",18,bn,Bhopal
C1160,Public relations account executive,Able then quite born already church between.,5.5,tools;automation;analytics;welding,"accounting,wiring",18,en,Delhi
C1161,"Doctor, general practice",Design cold notice investment follow may throughout feel work check recent information role population.,4.5,cloud;ml;excel;metalwork;testing,"python,ai",3,gu,Hyderabad
C1162,"Designer, ceramics/pottery",Scientist item but whether natural all before million often investment just history someone employee away.,5.0,cooking;project management;python;creativity;testing,"ai,data,analysis",12,hi,Guwahati
C1163,Call centre manager,Create brother thought why ground where shoulder painting include.,5.0,hygiene;security;automation,"culinary,pipes,digital",15,gu,Ahmedabad
C1164,Information officer,Finish tonight yet never vote open record leg itself see type end quality like.,4.5,security;photoshop;recipes,"electrician,accounting",3,bn,Kolkata
C1165,Comptroller,Live thousand itself employee woman whom forward report recognize ever bad could interest room.,2.0,sql;automation;analytics,"ai,welding",3,hi,Chandigarh
C1166,Firefighter,Nor card probably especially start could religious movement matter hour.,5.5,ml;project management;cooking;accounting,"wiring,culinary",24,gu,Guwahati
C1167,Occupational hygienist,Ok peace alone garden wonder group despite up sign your truth.,2.0,installation;recipes;automation,"electrician,ai",15,ta,Kolkata
C1168,Metallurgist,Work believe music long statement as key plan develop hear behind network.,8.0,automation;communication;installation;welding;sql,"digital,welding",8,gu,Lucknow
C1169,Software engineer,President else step answer design amount cover hot year compare let pick door.,8.0,creativity;python;SEO,"accounting,management,data",12,bn,Hyderabad
C1170,Environmental health practitioner,Compare save fear treatment particular everyone war life American yet.,6.0,cloud;creativity;excel,"cooking,accounting,finance",24,gu,Jaipur
C1171,"Biochemist, clinical",Above why relate individual share produce part remain what news.,4.5,tools;welding;data analysis;safety;automation,"graphics,marketing",3,ta,Delhi
C1172,Neurosurgeon,Job director moment say maintain policy indeed.,3.0,wiring;automation;python;creativity,"accounting,plumbing,analysis",18,en,Delhi
C1173,Industrial buyer,Me quality of give history practice world per writer short budget example.,7.0,cloud;analytics;hygiene;safety;communication,"marketing,analysis",24,ta,Jaipur
C1174,Travel agency manager,Leader throughout simply teach describe structure wrong behavior degree history light.,3.0,content;cooking;illustrator;welding,"welding,ai,wiring",15,ta,Kolkata
C1175,Learning mentor,Large reach still return science that southern group body thing great.,4.0,customer service;pipes;safety;hygiene,"plumbing,pipes",24,en,Hyderabad
C1176,"Programme researcher, broadcasting/film/video",Create wind establish very position tonight future friend see.,2.0,sql;installation;pipes;automation;accounting,"electrician,marketing",18,gu,Bhopal
C1177,Hydrographic surveyor,Anyone yes idea her fight machine health.,4.5,creativity;SEO;data analysis;project management,"analysis,accounting",6,ta,Mumbai
C1178,"Buyer, industrial",Necessary fish theory public probably still social his white their finally common.,8.0,welding;excel;installation;content;pipes,"culinary,pipes",18,ta,Bangalore
C1179,Fine artist,Include international around industry sometimes million receive.,7.0,sql;wiring;content;excel;recipes,"accounting,design",8,bn,Chandigarh
C1180,Make,Around toward them arrive kind music bad step.,4.0,recipes;accounting;metalwork,"cooking,pipes,testing",8,en,Hyderabad
C1181,"Sales professional, IT",Player perhaps current culture entire night administration read enough.,8.0,data analysis;project management;metalwork,"design,electrician",3,en,Guwahati
C1182,Community education officer,Why near table painting way hand wall wife recently have better try however.,5.0,accounting;security;python;wiring;cooking,"data,marketing,metal",6,ta,Chandigarh
C1183,"Administrator, charities/voluntary organisations",Do year traditional economy usually sound apply onto happy.,2.0,testing;safety;pipes;sql,"ai,software,digital",3,hi,Chandigarh
C1184,Architectural technologist,Time unit age lawyer story black south assume material sign common.,3.0,python;security;excel;content,"electrician,management",8,hi,Bhopal
C1185,"Nurse, learning disability",Front same certainly she effort risk western you size attack her.,6.0,metalwork;pipes;python;customer service;sql,"data,marketing",3,gu,Kolkata
C1186,Comptroller,Base never man total director watch space hour foot bill war.,7.0,pipes;customer service;testing;ml;photoshop,"software,graphics,electrician",8,ta,Hyderabad
C1187,Broadcast presenter,Picture two add skill one ready day bar federal billion care article hold hope rich.,6.0,metalwork;security;QA;project management;tools,"software,plumbing,management",12,gu,Mumbai
C1188,Site engineer,Lead age woman cost all size individual listen force give color.,7.0,sql;ml;cloud;customer service;installation,"electrician,management",15,en,Hyderabad
C1189,"Teacher, adult education",Discussion hold still another road such good friend.,6.0,analytics;sql;data analysis;excel;hygiene,"python,accounting,welding",6,bn,Ahmedabad
C1190,Human resources officer,Miss paper year quite day the data another dark claim population brother structure care result.,2.0,illustrator;customer service;cooking;analytics,"metal,data,welding",18,ta,Chandigarh
C1191,Banker,Standard everybody director environmental mission suddenly conference though goal week.,2.0,customer service;accounting;welding;ml;creativity,"accounting,metal,plumbing",24,gu,Chennai
C1192,Building control surveyor,Care assume more hand all natural morning door.,3.0,installation;QA;cooking;data analysis,"finance,python,plumbing",8,bn,Bangalore
C1193,Logistics and distribution manager,Finish research only little vote indeed American rich morning.,5.0,SEO;analytics;creativity;cooking,"cloud,finance,electrician",6,en,Pune
C1194,Chemical engineer,Rather program stay space build organization protect blue season remain rich window level image draw interesting.,2.0,wiring;automation;customer service;communication;installation,"data,plumbing,testing",24,bn,Ahmedabad
C1195,Biomedical engineer,Finally sound quickly civil station follow source market despite test measure part above.,7.0,customer service;communication;SEO;recipes;excel,"design,software,cloud",24,gu,Jaipur
C1196,Catering manager,Place of painting west contain each eight hair memory research firm hand speech best today.,5.5,installation;cooking;recipes;illustrator,"electrician,design",6,gu,Chandigarh
C1197,Ship broker,Third seven toward inside somebody never create soon.,6.0,photoshop;sql;hygiene;ml,"design,management,welding",24,ta,Delhi
C1198,Cytogeneticist,Statement white mean sing blue design answer health protect chance five growth morning everyone thing.,5.0,cloud;sql;hygiene;cooking,"data,design",8,gu,Hyderabad
C1199,Theatre manager,Ground event letter realize eat mission teach development girl environment move news.,5.0,creativity;pipes;customer service;data analysis,"analysis,digital,accounting",8,en,Lucknow
C1200,Social researcher,Leave recognize table probably likely ask town guess season down best.,3.0,accounting;customer service;pipes;QA;illustrator,"finance,software",15,ta,Guwahati
C1201,Tourism officer,Culture generation not treatment break or writer others management wear pass.,7.0,safety;cooking;installation;project management,"wiring,finance,marketing",24,bn,Lucknow
C1202,Television/film/video producer,Article every staff agree condition level machine generation.,4.0,pipes;testing;creativity;excel,"cloud,management",3,en,Kolkata
C1203,"Therapist, sports",Necessary sister debate single particular laugh any nothing.,8.0,ml;recipes;photoshop;data analysis,"python,design",3,bn,Pune
C1204,Operational investment banker,Central available once better building challenge born simple share stock evidence draw bag.,3.0,QA;creativity;SEO,"design,plumbing",18,hi,Pune
C1205,Facilities manager,Quickly suffer we try program meet policy late fall bill.,7.0,ml;accounting;QA,"design,software,marketing",12,ta,Mumbai
C1206,Planning and development surveyor,Debate open beyond whom could let law smile perhaps player upon blue admit member mouth fire.,4.0,welding;accounting;illustrator;sql;creativity,"python,testing",18,hi,Chandigarh
C1207,Field trials officer,North market cover policy cell condition away serve peace everything allow student reality practice.,4.0,security;automation;illustrator,"finance,software",6,en,Ahmedabad
C1208,Marine scientist,Town well stand conference water time ten age its himself.,5.5,python;customer service;security,"cloud,accounting,electrician",8,ta,Kolkata
C1209,Television/film/video producer,Company without clearly oil he sit guess recent senior.,8.0,communication;project management;customer service;testing,"data,electrician",15,gu,Chennai
C1210,"Radiographer, therapeutic",Could prepare set tax value law food others respond church.,8.0,welding;installation;recipes;security;wiring,"accounting,data",18,en,Hyderabad
C1211,Physiological scientist,Billion staff this then its him computer.,5.5,customer service;automation;tools;analytics;illustrator,"pipes,accounting,graphics",24,gu,Lucknow
C1212,Archaeologist,Sea trip kid nation main strong best spend us result team between music focus little.,6.0,data analysis;safety;pipes;accounting;photoshop,"design,culinary,software",6,ta,Guwahati
C1213,Marketing executive,Drop base above western news responsibility exactly growth street.,2.0,accounting;pipes;python;excel;customer service,"software,culinary,wiring",15,en,Bangalore
C1214,Adult nurse,Red close seem level involve green effect miss just yourself here enjoy.,5.0,communication;hygiene;pipes;automation;analytics,"cloud,design",24,hi,Bangalore
C1215,"Production assistant, television",Add necessary beautiful she its number difficult myself specific weight.,4.5,safety;testing;sql,"testing,finance,wiring",3,bn,Hyderabad
C1216,Medical laboratory scientific officer,South move into large cost hold either member this him believe tree.,4.5,creativity;welding;automation,"testing,design,graphics",15,gu,Guwahati
C1217,Tax adviser,Mother song serious its team garden world store choose dinner.,4.5,cloud;hygiene;python,"metal,management,cooking",12,hi,Lucknow
C1218,"Pharmacist, community",Even certainly claim body decade on reflect future ready speak family million above.,5.5,customer service;photoshop;QA;creativity,"accounting,graphics,ai",15,en,Pune
C1219,Editorial assistant,Door understand Congress heavy court suggest to important house building forget provide pick fast allow.,7.0,security;cloud;communication;welding,"cloud,welding,metal",18,bn,Pune
C1220,"Engineer, broadcasting (operations)",Resource measure cup require create member special rock to the other yourself show lawyer perform song.,4.0,data analysis;sql;installation;automation,"graphics,design",8,gu,Bangalore
C1221,Television/film/video producer,Buy happen guess mission well tonight share next suddenly effect back relationship want though act.,4.5,safety;illustrator;hygiene;excel;welding,"cooking,welding",24,bn,Hyderabad
C1222,Chiropractor,Happy sport me plant almost coach great north opportunity whatever laugh inside lawyer.,4.0,data analysis;illustrator;testing;communication;content,"pipes,design",8,en,Lucknow
C1223,Hydrologist,Ready write fire decade fear product draw maintain hot.,2.0,recipes;tools;creativity;ml,"plumbing,testing,software",12,gu,Kolkata
C1224,Human resources officer,Sometimes office against partner plant modern adult away still bill short into his none save.,5.0,cloud;data analysis;tools;photoshop,"electrician,welding",15,bn,Pune
C1225,Lawyer,System wife argue lead partner car listen wife cultural material pass difference.,4.5,safety;tools;recipes;automation;analytics,"cooking,analysis,electrician",24,en,Pune
C1226,"Embryologist, clinical",Fill work firm than west care close site record.,5.5,sql;automation;testing;recipes;analytics,"testing,design",12,en,Chandigarh
C1227,Arts development officer,Democrat century Mr shoulder chair spend to space nation question every poor consumer beautiful.,6.0,SEO;creativity;sql,"accounting,cooking",24,hi,Chennai
C1228,Writer,Fine serious investment religious break top audience above sea either.,4.5,QA;communication;cooking;ml;security,"management,data,design",24,ta,Bhopal
C1229,"Psychologist, sport and exercise",Election full do compare successful reflect center down field.,6.0,cooking;wiring;metalwork;ml,"wiring,python",15,bn,Lucknow
C1230,Interior and spatial designer,Dream western window result this only send hand player yes.,8.0,metalwork;content;cloud;ml,"finance,accounting",24,gu,Hyderabad
C1231,Historic buildings inspector/conservation officer,Southern trial sister event senior summer last half realize game.,2.0,automation;welding;project management;excel,"testing,marketing,cloud",15,hi,Delhi
C1232,Chartered accountant,Learn just head hope call than front be relationship continue later million take next order.,7.0,safety;content;cloud,"data,ai",24,gu,Hyderabad
C1233,"Buyer, retail",Account tax citizen happy smile child recognize just air series assume instead amount.,4.0,accounting;content;data analysis;illustrator,"culinary,cloud,analysis",12,en,Mumbai
C1234,Hotel manager,Citizen any visit social talk prevent reflect student.,5.5,security;photoshop;illustrator;QA;customer service,"python,welding",18,hi,Bhopal
C1235,Applications developer,Later spring successful final chance end billion practice improve plant it three none.,6.0,excel;data analysis;sql;pipes;testing,"accounting,pipes",3,ta,Ahmedabad
C1236,Ambulance person,Defense six study government fly morning role street east say animal theory over store.,4.0,photoshop;safety;SEO;security;automation,"management,culinary,cloud",24,ta,Delhi
C1237,Lexicographer,Learn open protect little writer your pass such budget life manage doctor history cause party.,4.5,automation;ml;accounting,"cooking,python",12,en,Guwahati
C1238,Ceramics designer,Painting scientist resource western down more sit employee.,6.0,project management;welding;excel;SEO,"pipes,culinary",6,hi,Jaipur
C1239,Product designer,Space size one fill purpose bank success message turn sell upon cover partner leg paper build.,2.0,QA;analytics;sql;recipes,"design,marketing,culinary",15,en,Pune
C1240,Operational researcher,Short maintain effort happen firm effort employee bag allow view Mrs mission responsibility president education.,6.0,automation;customer service;illustrator,"marketing,management",15,en,Guwahati
C1241,"Journalist, newspaper",It station find continue wonder everybody treat old mother from.,7.0,recipes;testing;python;content;QA,"design,management",24,gu,Bangalore
C1242,English as a foreign language teacher,Future project their year information body you science last say treat respond most employee weight.,8.0,automation;excel;SEO;sql,"plumbing,data",3,ta,Ahmedabad
C1243,"Investment banker, corporate",Kind kid above between score Mrs century right.,7.0,content;customer service;safety,"analysis,design",6,hi,Lucknow
C1244,Trade mark attorney,Tonight chance life protect week alone song student including.,5.0,content;customer service;cooking,"marketing,wiring",24,hi,Lucknow
C1245,"Optician, dispensing",Realize provide energy she impact central win sister item act.,7.0,communication;safety;python,"analysis,marketing",6,en,Ahmedabad
C1246,Planning and development surveyor,Western star eat responsibility cut training will by.,4.5,ml;installation;python,"software,marketing",3,ta,Jaipur
C1247,Psychiatric nurse,Camera society letter similar front training fact black.,5.5,photoshop;metalwork;project management;testing;pipes,"data,welding,design",18,ta,Jaipur
C1248,Garment/textile technologist,Available reduce act pay fire bank conference at industry amount every six page.,8.0,analytics;installation;security;tools;photoshop,"welding,finance",15,hi,Delhi
C1249,Prison officer,Ground security story course option age small mean radio skill bring building push rise.,4.0,content;metalwork;customer service,"software,plumbing,testing",6,en,Jaipur
C1250,Furniture conservator/restorer,Administration check official hundred thousand pick also second against look central require remember.,5.5,wiring;creativity;tools,"testing,data,design",8,bn,Chandigarh
C1251,Land,Book skill ok realize majority late simply fear herself put right number carry.,3.0,safety;testing;SEO;illustrator;project management,"cooking,finance,accounting",12,hi,Jaipur
C1252,Financial manager,Whatever important visit well know voice speak analysis behind down election world speech.,5.0,automation;safety;testing,"data,electrician,management",15,bn,Kolkata
C1253,Research scientist (life sciences),Go form compare expert next Mrs character Democrat.,2.0,cooking;hygiene;data analysis;cloud;security,"software,electrician",24,ta,Chennai
C1254,Geophysical data processor,Child process black reflect however success thus agency improve.,4.0,python;cloud;testing,"testing,design,software",12,hi,Ahmedabad
C1255,Technical sales engineer,Throughout likely alone other police office trip attack report dog.,4.0,tools;communication;python;SEO;welding,"cooking,culinary,ai",15,hi,Pune
C1256,Special effects artist,Increase daughter home story long well lose.,6.0,metalwork;creativity;tools,"cooking,digital,marketing",3,en,Jaipur
C1257,Records manager,Bill southern some point involve care morning avoid little majority true require ball.,7.0,analytics;safety;accounting;metalwork,"digital,software",15,en,Hyderabad
C1258,Nature conservation officer,Door no statement trip which you list view everything impact cut.,3.0,installation;SEO;content,"welding,design",18,ta,Ahmedabad
C1259,"Engineer, site",Religious hit last field guy system middle economic fight raise.,4.0,communication;pipes;QA,"ai,digital,python",15,bn,Chandigarh
C1260,Air traffic controller,Congress bill away human black will discussion protect ball its bank along shake.,4.0,automation;testing;analytics,"plumbing,software",18,bn,Delhi
C1261,Human resources officer,Hard star organization bad develop green continue risk message property live old.,4.0,welding;communication;content;data analysis;hygiene,"pipes,cooking",24,hi,Chennai
C1262,"Embryologist, clinical",Though message compare item remain by claim.,6.0,wiring;python;pipes;sql;ml,"design,wiring,metal",18,hi,Bangalore
C1263,Engineering geologist,Third success agree catch could wind will government garden ask such ahead though on.,2.0,communication;security;safety,"wiring,software,marketing",8,hi,Chennai
C1264,Social worker,Camera face make success little activity ground gun spend be when.,2.0,ml;cloud;communication;analytics,"culinary,cloud,analysis",6,bn,Hyderabad
C1265,"Editor, magazine features",Program reveal own should window town sign far.,5.0,illustrator;content;creativity,"python,accounting",24,ta,Kolkata
C1266,Bookseller,Until project nearly white movie middle true expert claim draw let message pull staff.,2.0,cooking;sql;excel,"ai,welding,metal",24,bn,Delhi
C1267,"Investment banker, corporate",Either prevent worker sound up still nearly arrive example campaign pressure ball carry sport the.,4.5,ml;automation;excel,"accounting,digital,cloud",6,bn,Pune
C1268,"Surveyor, hydrographic",Player on read available nor ready general foreign maintain.,4.5,hygiene;analytics;photoshop,"data,software,welding",3,hi,Jaipur
C1269,Food technologist,Wife throughout effect enjoy issue phone ahead your.,7.0,tools;analytics;pipes,"electrician,analysis,cooking",6,en,Kolkata
C1270,"Education officer, environmental",One list effect reality husband knowledge discover including reduce national seven establish.,7.0,cloud;QA;tools;safety;installation,"graphics,digital,culinary",24,bn,Chennai
C1271,"Loss adjuster, chartered",Book stand financial card treatment not down moment despite charge manager development real security.,4.0,project management;accounting;recipes;data analysis;metalwork,"pipes,design,ai",6,ta,Jaipur
C1272,Chartered management accountant,Health when hospital just law kind kid west next degree conference current include gas official threat.,5.0,creativity;python;project management;analytics,"data,pipes",8,en,Guwahati
C1273,"Surveyor, planning and development",Long concern husband animal table smile here national listen.,5.0,cloud;welding;analytics,"software,ai",24,gu,Pune
C1274,Armed forces logistics/support/administrative officer,Lead before up provide break free size page put.,8.0,SEO;welding;content,"plumbing,metal,management",8,gu,Chennai
C1275,Housing manager/officer,Glass manage night investment else product day.,4.5,safety;automation;excel;cooking;recipes,"wiring,culinary",18,gu,Bangalore
C1276,Applications developer,Walk contain pretty mind industry realize view ready culture couple dream.,6.0,tools;wiring;creativity;data analysis;ml,"cloud,analysis",15,gu,Ahmedabad
C1277,"Scientist, research (physical sciences)",Every account which admit value term teacher she down low training option north.,5.0,wiring;python;welding,"cloud,analysis",6,en,Bangalore
C1278,Training and development officer,Suffer get national despite money project special employee structure tax hospital push throughout live rather.,4.0,installation;data analysis;cloud;security,"cloud,accounting,cooking",3,bn,Jaipur
C1279,Clothing/textile technologist,Really issue mission give character determine interview.,3.0,ml;cloud;illustrator;content;data analysis,"welding,finance,graphics",18,bn,Chandigarh
C1280,Archaeologist,Design available fight also center management opportunity leader.,6.0,welding;communication;wiring,"metal,python,pipes",12,en,Bhopal
C1281,Dietitian,Sure civil require wall close notice here decade.,7.0,automation;recipes;accounting;communication;analytics,"testing,cooking",3,bn,Ahmedabad
C1282,Art gallery manager,Despite international push discussion see travel evidence argue we event region none.,6.0,pipes;SEO;security,"ai,plumbing,finance",8,bn,Bangalore
C1283,"Designer, textile",Red culture music once probably oil seem.,4.0,illustrator;installation;cloud;creativity,"data,python",8,hi,Guwahati
C1284,Management consultant,Size subject well effect so may fly quality enter red kind to popular woman.,6.0,pipes;wiring;tools,"management,cooking",3,en,Chennai
C1285,"Nurse, mental health",Behind matter prove human say lead somebody role quality wish.,8.0,creativity;tools;cooking;ml,"python,electrician,pipes",18,gu,Kolkata
C1286,"Surveyor, commercial/residential",Find reason house west able accept present yeah specific gas again agree.,2.0,excel;recipes;metalwork;QA,"finance,culinary,pipes",24,hi,Mumbai
C1287,Professor Emeritus,Factor population best money energy discuss deal less military.,5.5,recipes;cooking;creativity;security;installation,"testing,management,ai",3,hi,Hyderabad
C1288,Comptroller,Share play generation must character often feeling control modern nothing.,5.5,hygiene;recipes;python;cooking;creativity,"python,metal,analysis",24,ta,Pune
C1289,Diagnostic radiographer,Country remember allow sure fight all cost never couple deal performance push.,7.0,wiring;excel;security;project management;ml,"analysis,digital,design",18,en,Hyderabad
C1290,"Journalist, broadcasting",Watch true evening kid quality environmental question large available TV mean sing.,8.0,content;security;metalwork;communication;installation,"marketing,python",12,ta,Mumbai
C1291,Energy engineer,Forget glass morning may through him picture medical Democrat Congress room call development daughter develop test.,4.5,illustrator;photoshop;cloud;content;SEO,"ai,electrician",15,hi,Delhi
C1292,Press sub,Production spring city effect scientist scientist special issue including nation father at buy.,5.0,data analysis;security;safety,"wiring,plumbing",6,ta,Pune
C1293,Set designer,Be watch product cut heart forward never pattern Democrat teach tree entire individual loss prevent model.,5.0,wiring;QA;ml;creativity,"graphics,python",8,hi,Lucknow
C1294,"Programmer, multimedia",Media industry least court rest prevent thought defense pull side through peace yard manage.,8.0,ml;installation;safety,"plumbing,wiring",24,en,Ahmedabad
C1295,Hospital doctor,Lead energy trade issue consider buy food.,7.0,SEO;project management;customer service;safety;ml,"electrician,finance,metal",24,gu,Pune
C1296,Operational investment banker,Writer experience main these nothing if new employee stop step.,4.5,cloud;QA;content;communication,"culinary,graphics",8,ta,Bangalore
C1297,Financial risk analyst,Court represent hold beautiful help positive food out day good after business around.,4.0,automation;SEO;photoshop;QA;safety,"data,culinary",6,bn,Hyderabad
C1298,"Psychologist, forensic",Visit late memory just state name wait.,3.0,wiring;ml;SEO;safety,"culinary,software,accounting",18,hi,Lucknow
C1299,Clothing/textile technologist,Rise wear new move mind keep tonight entire institution never avoid treatment.,2.0,analytics;python;wiring;sql,"marketing,plumbing,wiring",3,hi,Pune
C1300,Colour technologist,Father difference police speak myself huge case produce.,5.5,excel;communication;metalwork;customer service,"digital,testing",12,gu,Pune
C1301,Landscape architect,Great by day consider wall beautiful Republican happy agency certain.,5.5,analytics;testing;accounting;QA;excel,"design,cloud,plumbing",24,en,Jaipur
C1302,"Engineer, civil (consulting)",Whatever begin kitchen practice wind enough anything report player step.,7.0,welding;metalwork;accounting;safety;customer service,"culinary,welding",24,bn,Delhi
C1303,Social researcher,Spring rate condition human commercial drop listen and commercial almost act report plant year hard world.,7.0,recipes;analytics;photoshop;QA;creativity,"data,ai",15,gu,Bhopal
C1304,Graphic designer,Yard fly carry view professor score imagine office student own.,8.0,analytics;installation;data analysis,"welding,analysis",18,bn,Pune
C1305,"Education officer, museum",World question administration then discussion act often election example those feeling author several see process.,6.0,accounting;cooking;communication;installation;illustrator,"analysis,testing",6,bn,Chandigarh
C1306,Ceramics designer,Southern evidence question within never phone Democrat site style.,4.0,ml;testing;communication;python,"cloud,design,wiring",8,hi,Hyderabad
C1307,Planning and development surveyor,Message two worry degree visit think author give various inside.,8.0,metalwork;python;wiring,"software,design,cooking",18,gu,Bhopal
C1308,Pensions consultant,None painting go citizen edge represent computer themselves grow wear property.,5.0,SEO;pipes;ml,"data,cloud,design",12,hi,Delhi
C1309,"Administrator, education",And before maintain town very themselves off interesting star and citizen product view against mention.,2.0,illustrator;communication;SEO;customer service;security,"software,design,python",15,ta,Chandigarh
C1310,Data processing manager,Response herself practice traditional traditional true news.,3.0,SEO;content;accounting;illustrator,"graphics,welding,accounting",18,gu,Lucknow
C1311,Materials engineer,Especially prepare hot discover simply trial listen.,4.0,data analysis;cooking;ml,"wiring,ai,testing",18,ta,Pune
C1312,Translator,Throw item risk white spend read paper state often discover own at budget.,7.0,QA;welding;python,"finance,marketing,metal",8,bn,Kolkata
C1313,Television camera operator,Rate leader space next theory education green everything organization still factor very.,6.0,customer service;hygiene;metalwork,"wiring,metal,plumbing",3,en,Kolkata
C1314,Fashion designer,Positive because message teacher guess shoulder old laugh wait certain do.,5.5,testing;recipes;installation;illustrator;SEO,"accounting,ai,python",6,ta,Kolkata
C1315,Secondary school teacher,Its stop last start more design expert less threat popular page two shake idea page exist.,8.0,python;hygiene;installation;cooking;communication,"pipes,cloud,design",24,ta,Jaipur
C1316,Magazine features editor,Trial language at building everyone stock near article six hospital most safe modern bad.,6.0,installation;safety;communication;photoshop,"graphics,electrician,wiring",12,hi,Bangalore
C1317,Applications developer,Fly box fine least entire impact age home teach street forward strategy pay trouble safe.,5.0,tools;customer service;pipes;cooking;data analysis,"welding,cooking,testing",12,hi,Delhi
C1318,Banker,Maintain these if stop above course why whatever charge look want professor study short letter.,3.0,photoshop;creativity;SEO,"finance,data",3,ta,Lucknow
C1319,Herbalist,Writer still spring because special we find very small score parent property American.,4.0,accounting;python;illustrator,"management,metal,design",6,en,Ahmedabad
C1320,Volunteer coordinator,Choice bar strategy kid head price choose out feeling perform.,7.0,hygiene;SEO;accounting;python,"welding,cloud",18,gu,Chennai
C1321,Prison officer,Quality clear wall meet property never wide onto represent cover popular firm right.,8.0,data analysis;ml;security,"culinary,design",24,ta,Ahmedabad
C1322,Dealer,Artist trouble chance material know scene out alone water have issue run memory.,5.0,recipes;communication;customer service;photoshop;SEO,"welding,data,pipes",12,en,Chennai
C1323,"Surveyor, minerals",Space threat face but paper yard wind second girl face reach light.,8.0,accounting;QA;photoshop;metalwork;welding,"python,marketing",18,gu,Bhopal
C1324,Commissioning editor,Hour measure next however animal threat later member music nothing compare evening focus.,4.0,wiring;communication;safety;content;cloud,"cooking,pipes,data",24,bn,Jaipur
C1325,Accommodation manager,Election road day professor safe sign candidate training stuff room entire.,4.5,QA;excel;welding;customer service;tools,"plumbing,analysis",15,gu,Hyderabad
C1326,Jewellery designer,Partner on draw start visit suffer where floor recently.,3.0,excel;accounting;hygiene,"marketing,data,cloud",12,bn,Delhi
C1327,Fast food restaurant manager,Congress knowledge budget know value sport level make enjoy cover.,4.5,creativity;content;pipes;welding;wiring,"finance,pipes",8,bn,Chennai
C1328,"Production assistant, television",Group guess sure by likely free apply shake.,3.0,recipes;illustrator;creativity;pipes;communication,"software,design",12,ta,Pune
C1329,Financial planner,Economy husband issue government smile effect something measure window enough special hair professional difficult style.,5.0,installation;project management;excel,"graphics,cloud,electrician",8,en,Delhi
C1330,Commissioning editor,Really goal yes later green rather reality.,6.0,communication;automation;sql,"wiring,testing",24,ta,Pune
C1331,Ophthalmologist,Month visit stop season save grow exist value make shoulder staff lead sport all.,3.0,SEO;automation;tools;welding;project management,"ai,digital,testing",18,bn,Mumbai
C1332,"Engineer, civil (contracting)",Box local think spring social by attack myself six item share must else.,7.0,pipes;ml;excel,"accounting,welding",15,hi,Ahmedabad
C1333,Armed forces technical officer,Place star about usually new national early away his program.,8.0,analytics;testing;SEO,"plumbing,cloud,design",8,en,Kolkata
C1334,Market researcher,Where instead lawyer half head you put lose.,6.0,automation;communication;customer service;pipes;accounting,"finance,welding,wiring",24,bn,Ahmedabad
C1335,"Surveyor, hydrographic",Mother seek chance see trouble edge low enjoy seek speech likely sense onto then mean.,5.0,ml;customer service;project management,"testing,culinary",15,hi,Lucknow
C1336,Chief Marketing Officer,Old action meet who each avoid cover standard reflect TV gun almost dark class.,4.0,analytics;QA;welding;SEO;creativity,"pipes,software,welding",24,bn,Chennai
C1337,"Radiographer, diagnostic",Dream stuff whom hot about attack resource important how room safe short cold want son measure.,4.5,hygiene;SEO;safety;recipes,"ai,analysis,finance",6,gu,Jaipur
C1338,"Producer, television/film/video",Pass south they point response collection positive vote baby daughter stop standard local institution several clearly.,4.0,QA;cloud;installation;pipes;python,"testing,graphics",12,ta,Ahmedabad
C1339,"Accountant, chartered",Expert indeed least paper oil carry range radio certain bar.,3.0,project management;data analysis;photoshop;QA;ml,"management,marketing,finance",3,hi,Ahmedabad
C1340,Podiatrist,Church bar Congress paper third economy certainly strategy wall change understand themselves.,3.0,communication;testing;hygiene;QA;project management,"graphics,data",3,gu,Chandigarh
C1341,Prison officer,Point floor explain draw because personal oil share.,5.0,recipes;safety;cooking,"python,finance",18,en,Kolkata
C1342,Meteorologist,Still say follow skill travel system garden standard around what too.,3.0,SEO;QA;safety;wiring,"electrician,management,design",24,gu,Bhopal
C1343,Publishing rights manager,Several hear explain quite doctor question claim turn tax reduce.,5.5,testing;hygiene;python,"analysis,culinary",12,ta,Bangalore
C1344,Materials engineer,Bit cultural cause production career forward garden help group there Mrs none lot discuss.,7.0,illustrator;ml;pipes;cooking;cloud,"cooking,welding,electrician",6,en,Mumbai
C1345,Environmental manager,South town attorney oil alone court meet.,5.5,content;data analysis;analytics,"marketing,culinary,cooking",8,gu,Delhi
C1346,Ceramics designer,Everyone more begin finally discussion attack best benefit image fall state control girl cold.,6.0,cloud;python;excel,"welding,marketing",12,bn,Pune
C1347,Architectural technologist,Election generation performance series most difference could write sport bit democratic by simply center couple may.,8.0,automation;excel;pipes,"ai,plumbing",3,ta,Chennai
C1348,Management consultant,Raise Mrs trip past theory TV resource network ask should alone.,8.0,creativity;analytics;content,"data,welding",12,ta,Hyderabad
C1349,Insurance underwriter,Why expect part face forward bag might onto hotel fish far before open remember.,3.0,cloud;data analysis;security;pipes,"graphics,analysis",3,gu,Mumbai
C1350,"Development worker, international aid",Be cost doctor quickly official care design season along cup.,2.0,pipes;communication;metalwork;cooking;SEO,"pipes,data,testing",15,gu,Jaipur
C1351,Housing manager/officer,Address quickly peace car mission certainly include capital central sure its commercial.,4.5,customer service;sql;excel;python;QA,"analysis,python,accounting",12,hi,Mumbai
C1352,Event organiser,Others ahead second rate spend mention culture sense without Republican surface.,4.5,metalwork;welding;installation,"accounting,electrician,cloud",18,gu,Kolkata
C1353,Civil Service administrator,Style rich arm street customer decide single green none miss for information.,2.0,tools;excel;installation;automation,"digital,software",12,hi,Pune
C1354,Phytotherapist,Fine happy may one process teach any less authority specific off film.,4.0,python;sql;recipes;content;project management,"software,testing,pipes",8,bn,Guwahati
C1355,Microbiologist,Time character treatment behavior bed lead paper still.,6.0,ml;QA;installation;automation,"metal,python,plumbing",12,gu,Kolkata
C1356,Operations geologist,May point better north stay such professor ten ready air around better low vote.,3.0,installation;project management;SEO;cooking,"digital,python",6,en,Chennai
C1357,"Optician, dispensing",Democrat really prevent successful up himself federal serve job view energy work try process.,2.0,security;communication;pipes;testing,"cooking,accounting",15,ta,Jaipur
C1358,"Development worker, community",Last able her white magazine question minute ahead beautiful take during help wish while.,4.5,excel;recipes;automation;cloud;customer service,"metal,analysis",12,ta,Jaipur
C1359,Herbalist,Try join food change value moment determine employee field heart note life.,3.0,customer service;illustrator;project management;recipes;installation,"marketing,plumbing",24,ta,Ahmedabad
C1360,Fashion designer,Carry race keep whose magazine board probably early carry night since center or loss guess.,4.0,customer service;content;photoshop,"pipes,wiring,software",12,hi,Mumbai
C1361,"Accountant, chartered",Maintain design step find many stand hour whole best think create collection smile.,8.0,welding;metalwork;analytics,"cloud,finance",8,ta,Guwahati
C1362,"Copywriter, advertising",Beat scientist purpose beautiful free trouble benefit teacher play worry enjoy.,2.0,sql;communication;data analysis;photoshop,"plumbing,software",8,hi,Kolkata
C1363,Environmental health practitioner,Window structure skill inside consider as small recognize than day.,4.5,content;QA;automation,"data,pipes,testing",12,ta,Hyderabad
C1364,"Designer, textile",Forward half activity they arrive respond away.,5.0,welding;ml;safety;photoshop;wiring,"accounting,analysis",15,en,Jaipur
C1365,Materials engineer,Discuss available ok score record development law field star bit along side man allow.,6.0,data analysis;cloud;illustrator,"plumbing,finance",6,gu,Pune
C1366,Careers information officer,Sort board popular last her student player certain range.,2.0,testing;project management;automation;safety,"finance,welding,marketing",24,ta,Mumbai
C1367,Chartered management accountant,Response far build word him society full both interest gun product instead.,4.5,security;safety;creativity;QA;accounting,"pipes,graphics",8,ta,Kolkata
C1368,"Engineer, electronics",Enjoy lay save group reach get support today center matter meeting most phone several.,4.5,creativity;welding;ml;data analysis;tools,"metal,marketing,python",6,gu,Pune
C1369,Art gallery manager,Identify effort force determine price decision student hold adult approach dog.,7.0,installation;python;QA;pipes,"finance,management,culinary",24,ta,Hyderabad
C1370,Astronomer,Live energy create action compare game mean believe.,7.0,testing;data analysis;cooking;recipes,"wiring,data",3,en,Chandigarh
C1371,Site engineer,Ok them address own choose direction firm leader such sing.,2.0,metalwork;tools;accounting;safety;photoshop,"accounting,graphics",24,en,Pune
C1372,Insurance risk surveyor,Event fine radio body fly language office fund guess experience chance make mouth year cultural.,6.0,photoshop;communication;security,"digital,data",12,hi,Chennai
C1373,Database administrator,Almost side statement blue family TV future seem power war.,4.0,metalwork;installation;QA;cloud;project management,"python,cloud,pipes",15,gu,Kolkata
C1374,"Designer, graphic",Understand hope day begin notice near whose positive image off.,5.5,hygiene;metalwork;illustrator,"graphics,analysis",8,gu,Lucknow
C1375,Fashion designer,Morning picture feeling again especially give foot community heavy likely nothing put year town.,4.0,welding;ml;cloud,"analysis,design",3,gu,Pune
C1376,"Conservator, museum/gallery",Edge end drive garden look room in good seek various player simply explain forget help phone.,3.0,installation;illustrator;data analysis;security;sql,"electrician,design",6,en,Bhopal
C1377,Graphic designer,High value less couple decade send month few fight ready network series change.,5.5,tools;creativity;communication;automation;safety,"management,python",8,hi,Ahmedabad
C1378,Medical secretary,Executive know themselves most people wait check price.,4.5,sql;pipes;communication;metalwork,"python,accounting",8,bn,Lucknow
C1379,Naval architect,Sign among least world whose ask happy.,6.0,wiring;accounting;data analysis;sql;python,"digital,marketing",24,bn,Ahmedabad
C1380,Educational psychologist,Reason as security agent amount past do.,8.0,illustrator;data analysis;python;customer service;analytics,"ai,accounting",3,gu,Mumbai
C1381,Occupational therapist,Rate myself there hundred street beat beyond may receive today people team product.,7.0,python;photoshop;QA,"accounting,management,pipes",3,gu,Hyderabad
C1382,"Accountant, chartered",Sound then seek pick determine without teach.,6.0,pipes;project management;data analysis;recipes,"cooking,digital",6,en,Ahmedabad
C1383,"Embryologist, clinical",Such represent three drug economy foot spend everybody of view fly Congress.,4.0,cloud;QA;metalwork,"accounting,digital",6,bn,Lucknow
C1384,Sports development officer,Develop through across usually director above voice conference.,4.0,cooking;analytics;customer service;welding,"accounting,ai,python",3,bn,Bhopal
C1385,Purchasing manager,Produce expect natural staff citizen at dark special son close town sport case.,6.0,photoshop;security;welding,"welding,wiring,marketing",18,en,Bangalore
C1386,"Engineer, site",Sister discussion study two real force song south several cover summer parent anything.,4.0,communication;installation;cooking,"ai,welding",6,gu,Chennai
C1387,Photographer,Book buy hand audience scene future candidate box either watch.,4.0,tools;sql;data analysis;photoshop;ml,"wiring,python",8,ta,Chandigarh
C1388,"Surveyor, minerals",Girl rock thousand cup tonight both add.,7.0,welding;pipes;creativity;tools;customer service,"culinary,electrician",3,ta,Ahmedabad
C1389,Make,Cause class remain item fine federal experience rock measure blue conference according bring institution find.,4.0,excel;accounting;ml,"testing,accounting",8,hi,Bhopal
C1390,"Sales professional, IT",Financial create modern cultural brother as which.,3.0,customer service;SEO;analytics;excel;content,"software,data",3,hi,Ahmedabad
C1391,Cytogeneticist,Through rather long success mind read Mrs station chance material risk old which friend.,2.0,project management;tools;content,"management,data",18,ta,Bhopal
C1392,Child psychotherapist,Beyond section analysis news oil different pressure lawyer factor language available important.,2.0,creativity;QA;metalwork;pipes,"analysis,data,culinary",18,en,Bangalore
C1393,Investment analyst,Various night answer leg response management next court outside moment finally.,7.0,excel;QA;hygiene;accounting,"management,metal,analysis",18,hi,Hyderabad
C1394,"Engineer, civil (consulting)",Century soon program consider chance break under whole across.,7.0,testing;QA;communication,"data,cloud,digital",6,bn,Delhi
C1395,Corporate investment banker,Lead officer bad front conference room require win various measure finish field myself civil actually article.,8.0,wiring;accounting;project management,"design,accounting,wiring",3,bn,Bangalore
C1396,Fisheries officer,Great door decade despite quality when art business.,3.0,project management;sql;safety,"finance,pipes",8,hi,Jaipur
C1397,"Geologist, wellsite",Cup those movement company trip TV project money.,5.0,customer service;photoshop;analytics;cloud,"wiring,electrician",18,hi,Delhi
C1398,Exercise physiologist,Low once consumer available determine successful let hit likely anyone trip.,3.0,photoshop;welding;accounting;customer service,"graphics,software",24,hi,Bangalore
C1399,Chief of Staff,Age take travel once point garden its argue wife.,5.5,cooking;safety;creativity,"digital,analysis,finance",6,gu,Pune
C1400,"Teacher, secondary school",Cause behavior we next serious itself they feeling.,4.5,python;excel;QA;security;welding,"wiring,pipes,culinary",8,ta,Ahmedabad
C1401,Banker,Film you try recent better like society none leg fact still thank often simply decision.,7.0,safety;installation;project management,"pipes,cooking,cloud",18,hi,Pune
C1402,IT technical support officer,Rock Congress degree take dark person against production take control truth job factor thing.,7.0,hygiene;data analysis;illustrator,"python,plumbing,testing",8,ta,Kolkata
C1403,Medical physicist,Follow sister part hour expect report build inside candidate stage.,5.0,creativity;safety;security;metalwork;tools,"pipes,finance,ai",8,hi,Pune
C1404,Pension scheme manager,General entire lead catch worry life structure those program identify visit.,4.5,automation;creativity;customer service,"culinary,plumbing,ai",3,ta,Hyderabad
C1405,Arts development officer,Voice star loss sing prevent two explain blood end model build culture single.,6.0,QA;installation;safety;communication;illustrator,"pipes,management",3,gu,Chennai
C1406,Seismic interpreter,Few pass week scientist small top realize media name fast it although this human.,5.5,wiring;SEO;installation,"welding,design",12,en,Ahmedabad
C1407,Financial controller,Whole laugh suggest join think throw head agreement dinner serious sort administration price subject form.,5.0,recipes;cooking;metalwork;tools;ml,"electrician,welding",6,en,Delhi
C1408,Risk analyst,Place explain and total director measure doctor present child.,4.0,welding;hygiene;automation,"wiring,ai",6,gu,Delhi
C1409,Analytical chemist,Area campaign father effect whether describe quite north race station behind reason can in power.,4.0,cooking;project management;QA;SEO;pipes,"marketing,finance",3,gu,Pune
C1410,Exhibition designer,Nation everybody generation father because hand discussion star something.,5.5,pipes;data analysis;metalwork;SEO;welding,"marketing,finance",6,gu,Lucknow
C1411,Recycling officer,Bank baby no natural individual beyond this marriage support truth low Democrat manage.,3.0,cooking;QA;testing;customer service;communication,"plumbing,graphics,testing",8,en,Delhi
C1412,Local government officer,Argue human benefit research property after moment television include consider official ahead.,7.0,creativity;testing;ml,"digital,pipes,data",24,gu,Mumbai
C1413,Tourist information centre manager,Water man social large almost clearly happen like consider born song couple call exist treatment particularly.,2.0,welding;tools;testing;ml;excel,"ai,analysis",12,en,Hyderabad
C1414,Special educational needs teacher,True support bag work mission why physical computer begin blood anyone.,6.0,testing;illustrator;safety,"digital,python,graphics",3,gu,Ahmedabad
C1415,"Designer, jewellery",Ground particularly herself eight thought mission serve identify entire threat prove third side.,5.0,security;communication;testing,"graphics,electrician,design",12,bn,Delhi
C1416,"Nurse, learning disability",Organization from best foot central value part let figure treat everyone energy would all.,5.5,content;photoshop;communication,"graphics,design,finance",15,ta,Chennai
C1417,Probation officer,More while how according short travel both area space order anything executive.,7.0,project management;metalwork;installation;tools;security,"cooking,electrician,metal",15,en,Ahmedabad
C1418,Chiropractor,Son agreement main together thing finish market consumer dream tonight although.,8.0,pipes;tools;content,"culinary,accounting,graphics",15,hi,Bangalore
C1419,"Surveyor, building control",Decide choice likely myself behind generation painting speak foreign once artist.,5.0,sql;automation;python;creativity,"graphics,accounting,digital",12,ta,Delhi
C1420,"Engineer, communications",Whom including bed green eat hit pattern way most.,7.0,ml;recipes;data analysis;hygiene;cloud,"design,plumbing",3,en,Jaipur
C1421,Company secretary,Court themselves allow popular quality off eye space necessary age six loss especially born car of.,4.5,welding;accounting;hygiene;python;QA,"management,digital,metal",12,gu,Ahmedabad
C1422,Health and safety adviser,Cover now argue save else avoid player state protect church investment modern threat.,7.0,cooking;pipes;illustrator,"accounting,ai",15,ta,Chennai
C1423,Medical sales representative,Much difficult vote seem professional case level Republican five remember candidate different learn everybody.,4.5,testing;cloud;sql;wiring;installation,"metal,accounting",6,hi,Kolkata
C1424,Travel agency manager,Three take floor both skin market social evening individual tend say husband.,8.0,python;excel;testing;security,"ai,culinary,pipes",12,bn,Jaipur
C1425,Armed forces operational officer,Herself forward represent catch whom everyone moment affect include result approach look ball often.,5.5,tools;installation;ml;analytics,"accounting,management",6,en,Bhopal
C1426,"Education officer, community",Democratic do view tend relationship couple behind appear article itself.,4.0,data analysis;cooking;testing;safety;QA,"finance,data",6,hi,Bangalore
C1427,Market researcher,Hospital director language ready get so improve key available lot question.,2.0,cloud;metalwork;illustrator,"graphics,culinary,cloud",12,bn,Kolkata
C1428,Sales executive,Remain thing hot red apply try many realize hospital evening.,8.0,sql;tools;communication,"python,data",18,gu,Jaipur
C1429,"Optician, dispensing",Party situation security hot upon after because establish place century share hard remember become suddenly individual.,7.0,content;tools;python,"graphics,accounting,metal",12,en,Lucknow
C1430,"Editor, film/video",Art PM market coach learn movie today determine size section yeah discover.,4.5,sql;safety;creativity;QA,"analysis,accounting,pipes",15,gu,Ahmedabad
C1431,Early years teacher,Yet song news list address whom campaign college.,8.0,welding;cooking;hygiene;project management,"data,testing,accounting",15,gu,Lucknow
C1432,Barrister's clerk,Reduce trouble argue rock evening fall difficult room growth hope animal feeling light yard international partner.,4.5,creativity;recipes;excel,"welding,software,pipes",15,en,Hyderabad
C1433,Toxicologist,Never policy music eight determine city rich race need huge who.,3.0,communication;photoshop;creativity;safety,"electrician,design",15,en,Jaipur
C1434,Warehouse manager,Fly sea Congress store put recognize reach possible central civil often plan measure spring gun.,3.0,hygiene;cooking;recipes,"culinary,marketing,design",6,hi,Mumbai
C1435,Cabin crew,Become far have none statement exactly reason voice head where summer.,5.0,excel;QA;content;ml,"welding,finance",3,gu,Chennai
C1436,Advertising art director,Probably international process worker right kind serve modern federal test reduce father price build worker shake.,4.0,analytics;illustrator;metalwork;creativity;accounting,"analysis,cooking,digital",3,ta,Lucknow
C1437,Multimedia specialist,Maintain vote carry identify move certain career great wear six sit court animal.,6.0,QA;cloud;recipes;cooking;excel,"testing,wiring",8,ta,Chennai
C1438,Musician,Before allow now north stand doctor place account measure successful should every reduce hundred citizen.,3.0,data analysis;metalwork;illustrator;ml;testing,"testing,accounting",3,hi,Bhopal
C1439,Museum/gallery exhibitions officer,Live along always scientist decision appear machine involve anything method describe forward.,4.0,recipes;QA;SEO;excel;illustrator,"finance,plumbing,management",18,ta,Delhi
C1440,"Teacher, special educational needs",Including hot sound just stage meet speak professional.,7.0,illustrator;communication;cloud;ml;sql,"analysis,plumbing",8,ta,Delhi
C1441,Social researcher,Every performance commercial necessary way soon similar.,5.5,SEO;content;cloud;illustrator,"metal,data",18,gu,Bangalore
C1442,Broadcast engineer,Activity eat economic clear sense stand those center.,5.5,analytics;sql;tools;creativity,"plumbing,welding",12,bn,Hyderabad
C1443,Financial controller,Though prove end score carry against accept.,7.0,QA;ml;hygiene;recipes;testing,"graphics,finance,testing",24,en,Kolkata
C1444,Event organiser,Hospital sound daughter another be green him.,7.0,ml;analytics;safety,"graphics,management,ai",24,gu,Bangalore
C1445,"Psychologist, forensic",Identify three enough do minute over official camera.,4.0,safety;recipes;installation;photoshop;pipes,"design,electrician,plumbing",3,bn,Pune
C1446,Energy manager,We right generation step successful create agreement them image firm.,5.5,testing;photoshop;hygiene,"graphics,design",24,gu,Pune
C1447,Office manager,Even recognize theory sense including hospital final white play guy light.,3.0,tools;wiring;analytics,"graphics,software",3,en,Bhopal
C1448,Multimedia programmer,Service move to else save table begin.,5.0,SEO;welding;hygiene;customer service;wiring,"plumbing,metal",15,ta,Kolkata
C1449,"Accountant, chartered management",Federal carry both family itself view wish bed source become throughout us painting move age represent.,3.0,metalwork;accounting;recipes,"electrician,graphics,testing",18,hi,Jaipur
C1450,Curator,Statement certainly set any skill edge natural.,5.0,hygiene;testing;metalwork;tools,"wiring,management,cooking",8,gu,Jaipur
C1451,"Producer, television/film/video",Back soldier win speech husband lot responsibility number work economy bed record effort pressure almost.,8.0,wiring;metalwork;SEO;sql;hygiene,"python,culinary",6,gu,Mumbai
C1452,Therapeutic radiographer,Hope social then else provide free effect seek international speak religious above speech church.,7.0,SEO;analytics;tools;automation;project management,"graphics,ai",12,bn,Pune
C1453,"Engineer, automotive",Give even fall father history brother this his treat TV.,5.5,customer service;data analysis;automation,"accounting,ai,software",8,hi,Bhopal
C1454,Ceramics designer,Mind executive participant let small no tend meeting expect yourself.,3.0,automation;welding;accounting;wiring;QA,"wiring,cooking",18,en,Ahmedabad
C1455,Futures trader,Weight listen agency someone watch time itself house security may myself.,6.0,welding;safety;customer service;sql,"finance,welding,pipes",6,gu,Delhi
C1456,Public relations officer,Others act particularly health night fish make TV remember half central institution of official.,4.0,accounting;cooking;recipes,"cloud,plumbing",12,ta,Mumbai
C1457,Cabin crew,Medical manage itself drop try especially daughter state.,8.0,QA;safety;ml;content,"marketing,cloud,testing",8,en,Pune
C1458,Tax inspector,Take popular goal edge daughter news any indicate apply certain stage.,2.0,accounting;excel;metalwork;illustrator,"ai,welding,software",15,en,Mumbai
C1459,Insurance claims handler,Example money air carry safe stock because media image guy work allow.,4.5,communication;customer service;hygiene;security,"wiring,software,graphics",18,ta,Kolkata
C1460,Dramatherapist,Glass beat state less cut listen police stand.,4.0,accounting;welding;cooking;customer service,"testing,graphics",12,gu,Lucknow
C1461,"Education officer, environmental",Ask and meeting opportunity story up go thus learn into.,2.0,testing;tools;hygiene;illustrator,"marketing,cloud",12,en,Chennai
C1462,Event organiser,Tend can coach sport morning late the hundred south middle either.,5.5,project management;automation;security,"pipes,culinary",24,hi,Guwahati
C1463,Leisure centre manager,Popular light outside mind tree financial whole quickly practice able modern traditional north big.,3.0,analytics;metalwork;cooking;communication,"management,plumbing,marketing",15,en,Lucknow
C1464,Patent attorney,Firm southern off table article opportunity strategy part develop.,5.0,welding;accounting;cloud,"electrician,digital",6,hi,Delhi
C1465,"Engineer, automotive",Himself story maintain player he responsibility church difference.,5.0,wiring;accounting;creativity;safety;welding,"digital,testing,software",15,ta,Bhopal
C1466,"Sales professional, IT",Rich film whether rate down purpose add when from population begin mind large teacher.,6.0,metalwork;photoshop;illustrator,"analysis,ai",15,ta,Hyderabad
C1467,"Administrator, sports",Partner study able again building culture together trade design while serious ready simple friend whole expect.,7.0,cooking;automation;content;python,"metal,welding,ai",12,bn,Ahmedabad
C1468,Prison officer,Claim relate challenge head director interview oil black simply top thousand show visit Mr manager.,5.5,testing;excel;wiring;pipes,"accounting,design",15,hi,Mumbai
C1469,Merchant navy officer,Stand choose avoid nearly fill you cause main without major.,4.0,SEO;installation;wiring;illustrator;QA,"accounting,wiring,data",6,hi,Kolkata
C1470,"Administrator, Civil Service",Learn become for region month amount line great allow land.,4.0,photoshop;excel;project management,"data,wiring,cloud",12,bn,Guwahati
C1471,Advice worker,Can his nice alone show type year produce according person information somebody here heavy.,5.5,customer service;analytics;cooking;recipes,"graphics,cloud",12,hi,Chennai
C1472,Senior tax professional/tax inspector,Me many however finish science experience interesting.,5.5,analytics;security;wiring,"ai,software,wiring",6,bn,Mumbai
C1473,Site engineer,Become first idea term such out get want while risk work happy away almost owner power.,5.0,project management;hygiene;analytics,"ai,finance,wiring",12,ta,Bhopal
C1474,Meteorologist,Attack beyond box exist perform play control car without sometimes mother add raise.,5.5,cloud;illustrator;metalwork;cooking;QA,"python,pipes",3,bn,Delhi
C1475,Dentist,Sure report establish right consider crime audience sister catch.,4.0,content;welding;pipes;ml;sql,"digital,management,ai",18,hi,Pune
C1476,"Solicitor, Scotland",Onto color responsibility job very report current out suffer.,8.0,cloud;project management;recipes;ml;sql,"digital,software",3,ta,Hyderabad
C1477,Adult nurse,Information others hospital force fall whole health standard.,5.0,tools;sql;metalwork,"digital,pipes,welding",3,ta,Bangalore
C1478,Logistics and distribution manager,Baby treatment hour consider south positive field main especially crime line free appear lawyer.,5.0,QA;cooking;photoshop;communication,"ai,software",6,bn,Ahmedabad
C1479,Chief Operating Officer,Agent story dog whole building herself already TV cup everyone.,3.0,QA;cloud;SEO,"cooking,testing",12,bn,Chandigarh
C1480,Financial trader,Continue appear national she method protect night back chance approach process oil stand your.,3.0,photoshop;security;automation;communication,"culinary,marketing",6,bn,Pune
C1481,"Designer, industrial/product",Commercial official if evening natural open general idea.,4.5,sql;safety;content;accounting,"analysis,metal,pipes",6,gu,Bhopal
C1482,"Education officer, community",Perform large blue hand range machine dark career.,7.0,ml;illustrator;security;project management,"pipes,accounting",18,gu,Bhopal
C1483,"Investment banker, corporate",Arrive challenge very book sport leader research clear edge soon theory business threat mind forget throw.,4.0,wiring;QA;SEO;content;sql,"management,wiring,electrician",12,hi,Bangalore
C1484,Education administrator,Top require wear other hit political and need walk.,6.0,illustrator;safety;accounting,"management,data,marketing",24,en,Chandigarh
C1485,Art therapist,Serious service themselves policy throw miss budget yet past worker former southern.,4.5,project management;safety;hygiene,"welding,design,ai",12,gu,Pune
C1486,Insurance claims handler,Car above effort hand consumer apply must.,5.5,hygiene;photoshop;welding;installation;pipes,"welding,plumbing,cloud",18,hi,Bangalore
C1487,Television camera operator,Plant maybe from best record place western political defense land course realize magazine arrive indeed.,2.0,installation;accounting;illustrator;customer service;pipes,"digital,plumbing",15,gu,Chandigarh
C1488,Architect,Once analysis open investment onto could strong budget pay behavior.,3.0,project management;SEO;wiring,"analysis,pipes",8,en,Hyderabad
C1489,"Engineer, civil (contracting)",Forget son while official those course attention professor people where later difficult attention environmental think.,2.0,welding;automation;ml,"cloud,design",8,bn,Kolkata
C1490,Barrister's clerk,Baby we final for need third receive form.,5.0,accounting;automation;python;content,"culinary,pipes",3,ta,Pune
C1491,Politician's assistant,Seven dog pick itself this nothing world likely indeed we style arrive paper floor today.,7.0,accounting;creativity;photoshop;cloud,"culinary,python,graphics",3,hi,Mumbai
C1492,"Engineer, manufacturing",Available billion among hold apply arrive central than difficult know short such trouble character.,7.0,customer service;sql;tools,"welding,culinary,digital",15,hi,Chandigarh
C1493,Probation officer,Interview class time read drug town participant step among front head data hair.,6.0,tools;content;illustrator;python;creativity,"wiring,graphics",15,bn,Chennai
C1494,Chartered certified accountant,Least toward near wrong animal or responsibility speak sea bill party guy social morning.,8.0,security;pipes;testing,"digital,software",8,hi,Delhi
C1495,"Teacher, primary school",For each as stay trouble situation provide return policy kid begin drop card turn loss.,5.0,customer service;security;data analysis,"electrician,software,analysis",12,ta,Lucknow
C1496,Geophysical data processor,Idea finally none occur which week stuff.,4.0,python;wiring;excel;project management,"design,graphics,testing",12,en,Bhopal
C1497,Clinical molecular geneticist,Think wear strategy rather any save significant floor nice wide very.,5.0,QA;photoshop;illustrator,"digital,cloud",18,hi,Guwahati
C1498,Ambulance person,Main reflect simple down church game maybe body.,5.5,photoshop;cloud;automation;QA,"culinary,graphics,finance",3,ta,Kolkata
C1499,Amenity horticulturist,Specific artist do design expert both theory training now including along plan miss able create.,3.0,testing;metalwork;sql;safety,"management,testing",6,gu,Chennai
